[
      {     "id": "1", 
	      "max_card_to_print": "100" ,
		"no_of_cards_available": "35", 
		"no_of_cards_to_print": "20", 
		"delivery_date": "05-June-18", 
		"assigned_printer": "Matica Printer S3500",
		"hopper":"Input hopper #1, 100",
		"Max_card_print" : "Maximum Cards that can be Printed" , 
		"image": "credit-card-1.jpg", 
		"program4": "CMYK Ribbon" ,
		"program3": "Carrier Template # 1", 
		"program2": "Standard Debit Card Design", 
		"program1": "Gold Tipping Foil", 
            "card_available": "66/100" 
      },
      {     "id": "1", 
	      "max_card_to_print": "100" ,
		"no_of_cards_available": "35", 
		"no_of_cards_to_print": "20", 
		"delivery_date": "05-June-18", 
		"assigned_printer": "Matica Printer S3500",
		"hopper":"Input hopper #1, 100",
		"Max_card_print" : "Maximum Cards that can be Printed" , 
		"image": "credit-card-1.jpg", 
		"program4": "CMYK Ribbon" ,
		"program3": "Carrier Template # 1", 
		"program2": "Standard Debit Card Design", 
		"program1": "Gold Tipping Foil", 
            "card_available": "66/100" 
      },
      {     "id": "1", 
	      "max_card_to_print": "100" ,
		"no_of_cards_available": "35", 
		"no_of_cards_to_print": "20", 
		"delivery_date": "05-June-18", 
		"assigned_printer": "Matica Printer S3500",
		"hopper":"Input hopper #1, 100",
		"Max_card_print" : "Maximum Cards that can be Printed" , 
		"image": "credit-card-1.jpg", 
		"program4": "CMYK Ribbon" ,
		"program3": "Carrier Template # 1", 
		"program2": "Standard Debit Card Design", 
		"program1": "Gold Tipping Foil", 
            "card_available": "66/100" 
      }
      
]