{
    "message": "Operation was successful",
    "status": "SUCCESS",
    "productionItems": [
        {
            "productionItemId": 504,
            "status": "Queued",
            "deliveryDate": "2018-05-28T00:25:07.000+0000",
            "pan": "XXXXX9966A"
        },
        {
            "productionItemId": 505,
            "status": "Queued",
            "deliveryDate": "2018-05-29T00:25:15.000+0000",
            "pan": "XXXXX8787U"
        },
        {
            "productionItemId": 503,
            "status": "Queued",
            "deliveryDate": "2018-05-28T00:24:59.000+0000",
            "pan": "XXXXX8875A"
        }
    ],
    "productionOrderId": 605,
    
  
    "cardBody": {
        "design": "GOLDEN",
        "hologram": "HO1"
    },
    "cardProgramDTO": {
        "tipping": "Gold Tipping  Foil",
        "ribbon": "CMYK Ribben",
        "type": "Debit",
        "thermal": true,
        "embossing": false
    },
    "clientMachine": {
        "id": 1100,
        "name": "CM1"
    }
}